<?xml version="1.0" encoding="UTF-8"?><templates><template autoinsert="true" context="gettercomment_context" deleted="false" description="Comment for getter method" enabled="true" id="org.eclipse.jdt.ui.text.codetemplates.gettercomment" name="gettercomment">/**
 * @return Returns the ${bare_field_name}.
 */</template><template autoinsert="true" context="settercomment_context" deleted="false" description="Comment for setter method" enabled="true" id="org.eclipse.jdt.ui.text.codetemplates.settercomment" name="settercomment">/**
 * @param ${param} The ${bare_field_name} to set.
 */</template><template autoinsert="true" context="constructorcomment_context" deleted="false" description="Comment for created constructors" enabled="true" id="org.eclipse.jdt.ui.text.codetemplates.constructorcomment" name="constructorcomment">/**
 * ${tags}
 */</template><template autoinsert="false" context="filecomment_context" deleted="false" description="Comment for created Java files" enabled="true" id="org.eclipse.jdt.ui.text.codetemplates.filecomment" name="filecomment">/**
 * This file is part of the eConference project and it is distributed under the 
 * terms of the MIT Open Source license.
 * 
 * The MIT License
 * Copyright (c) 2005 Collaborative Development Group - Dipartimento di Informatica, 
 *                    University of Bari, http://cdg.di.uniba.it
 * Permission is hereby granted, free of charge, to any person obtaining a copy of this 
 * software and associated documentation files (the "Software"), to deal in the Software 
 * without restriction, including without limitation the rights to use, copy, modify, 
 * merge, publish, distribute, sublicense, and/or sell copies of the Software, and to 
 * permit persons to whom the Software is furnished to do so, subject to the following 
 * conditions:
 * 
 * The above copyright notice and this permission notice shall be included in all copies 
 * or substantial portions of the Software.
 * 
 * THE SOFTWARE IS PROVIDED "AS IS", WITHOUT WARRANTY OF ANY KIND, EXPRESS OR IMPLIED, 
 * INCLUDING BUT NOT LIMITED TO THE WARRANTIES OF MERCHANTABILITY, FITNESS FOR A 
 * PARTICULAR PURPOSE AND NONINFRINGEMENT. IN NO EVENT SHALL THE AUTHORS OR COPYRIGHT 
 * HOLDERS BE LIABLE FOR ANY CLAIM, DAMAGES OR OTHER LIABILITY, WHETHER IN AN ACTION OF 
 * CONTRACT, TORT OR OTHERWISE, ARISING FROM, OUT OF OR IN CONNECTION WITH THE SOFTWARE 
 * OR THE USE OR OTHER DEALINGS IN THE SOFTWARE.
 */</template><template autoinsert="false" context="typecomment_context" deleted="false" description="Comment for created types" enabled="true" id="org.eclipse.jdt.ui.text.codetemplates.typecomment" name="typecomment">/**
 * ${tags}
 */</template><template autoinsert="true" context="fieldcomment_context" deleted="false" description="Comment for fields" enabled="true" id="org.eclipse.jdt.ui.text.codetemplates.fieldcomment" name="fieldcomment">/**
 * 
 */</template><template autoinsert="true" context="methodcomment_context" deleted="false" description="Comment for non-overriding methods" enabled="true" id="org.eclipse.jdt.ui.text.codetemplates.methodcomment" name="methodcomment">/**
 * ${tags}
 */</template><template autoinsert="true" context="overridecomment_context" deleted="false" description="Comment for overriding methods" enabled="true" id="org.eclipse.jdt.ui.text.codetemplates.overridecomment" name="overridecomment">/* (non-Javadoc)
 * ${see_to_overridden}
 */</template></templates>